21,a,2017-06-26T10:46:41.261+09:00[Asia/Tokyo],b,$2a$10$UrBBCdlG3l2SQMF6Yp19JuiCmx7jWdvshN3PVsVCTTxGDlPDeK/ti
22,a,2017-06-26T11:24:59.722+09:00[Asia/Tokyo],b,$2a$10$yIk7JqLkz.6S1yFXJUBVYuD42HhWP1Rdi8A69b/Kuy0HHjSst8j0e
23,x,2017-06-26T11:25:11.912+09:00[Asia/Tokyo],y,$2a$10$8nD4CrCG1SRPrbofrd1vJ./gnRzvH43.kuI2B3MA8uHdMcZ7.dx5C
24,a,2017-06-26T11:25:25.636+09:00[Asia/Tokyo],b,$2a$10$ELSM28bdyVAsA1GtfDGMc.DHwjn4GF5hh3KZ9SPil75wnK6P/V1qW
25,x,2017-06-26T11:25:35.177+09:00[Asia/Tokyo],y,$2a$10$9WZ4.X6rArNiYK83/brxXe5q9IJTbKye9Xio3qPJVDq34cEwekZl2
26,a,2017-06-26T11:26:39.025+09:00[Asia/Tokyo],b,$2a$10$ueB7mnvFnNmJ3FkPWJ950uV6GauTlW0JwxFW/H1a5a6upibnwlpNq
27,x,2017-06-26T11:26:46.902+09:00[Asia/Tokyo],y,$2a$10$01nLYPryv8Z8N24mCtiV7.6mvuqsLu1nkU.30Gl.u6a2Mus/QQmSm
28,a,2017-06-26T11:26:57.458+09:00[Asia/Tokyo],b,$2a$10$O8JtQAcgocXU4og9vWyR4uQqehEA/CBWOjXpo5uxq0VIzwXMeQgC6
29,c,2017-06-26T14:19:26.975+09:00[Asia/Tokyo],d,$2a$10$IdpZNxFLHtsb9KWGf1aYrOUlHzWCtSIN1Or/uTTUUK.rZgrwqtXy2
30,a,2017-06-26T14:20:01.251+09:00[Asia/Tokyo],b,$2a$10$xzD53vZFwGkIUyjXf3WOtuZqiPBeVdtz9djfCiZinW5flg0pMCAoa
32,あ,2017-06-26T16:46:41.157+09:00[Asia/Tokyo],パスワードはcake,$2a$10$RlwqxznFau.7aAr9SL0I2OhAJXNEMhQ82WJibGalz3LkTt/1yIYpO
